alina.vesper17@gmail.com,alina_vesper17,Alina Vesper,1,2,F,Account username already exist
bruno.kite42@gmail.com,bruno_kite42,Bruno Kite,2,1,M,Account username already exist
celia.north83@mail.com,celia_north83,Celia North,3,,F,Account username already exist
dario.frost26@gmail.com,dario_frost26,Dario Frost,4,3,M,Account username already exist
elena.rain59@mail.com,elena_rain59,Elena Rain,,2,F,Account username already exist
finn.orbit71@gmail.com,finn_orbit71,Finn Orbit,5,4,M,Account username already exist
gia.summit34@gmail.com,gia_summit34,Gia Summit,6,,F,Account username already exist
hugo.maple88@mail.com,hugo_maple88,Hugo Maple,7,1,M,Account username already exist
iris.cobalt15@gmail.com,iris_cobalt15,Iris Cobalt,,3,F,Account username already exist
jonas.river63@mail.com,jonas_river63,Jonas River,8,2,M,Account username already exist
kira.lumen47@gmail.com,kira_lumen47,Kira Lumen,9,4,F,Account username already exist
leo.harbor92@gmail.com,leo_harbor92,Leo Harbor,10,,M,Account username already exist
maya.echo38@mail.com,maya_echo38,Maya Echo,1,1,F,Account username already exist
nolan.vista76@gmail.com,nolan_vista76,Nolan Vista,,2,M,Account username already exist
ophelia.stone21@mail.com,ophelia_stone21,Ophelia Stone,2,3,F,Account username already exist
paul.timber64@gmail.com,paul_timber64,Paul Timber,3,,M,Account username already exist
quinn.azure57@gmail.com,quinn_azure57,Quinn Azure,4,4,F,Account username already exist
rosa.meadow19@mail.com,rosa_meadow19,Rosa Meadow,,1,F,Account username already exist
silas.pulse86@gmail.com,silas_pulse86,Silas Pulse,5,2,M,Account username already exist
talia.dawn43@gmail.com,talia_dawn43,Talia Dawn,6,,F,Account username already exist
uri.jasper28@mail.com,uri_jasper28,Uri Jasper,7,3,M,Account username already exist
vera.flint74@gmail.com,vera_flint74,Vera Flint,,4,F,Account username already exist
wesley.fable35@gmail.com,wesley_fable35,Wesley Fable,8,1,M,Account username already exist
xena.mint61@mail.com,xena_mint61,Xena Mint,9,,F,Account username already exist
yara.bloom97@gmail.com,yara_bloom97,Yara Bloom,10,2,F,Account username already exist
zane.slate52@gmail.com,zane_slate52,Zane Slate,,3,M,Account username already exist
amber.willow18@mail.com,amber_willow18,Amber Willow,1,4,F,Account username already exist
boris.ember69@gmail.com,boris_ember69,Boris Ember,2,,M,Account username already exist
clara.mosaic31@gmail.com,clara_mosaic31,Clara Mosaic,3,1,F,Account username already exist
damon.crest84@mail.com,damon_crest84,Damon Crest,,2,M,Account username already exist
eva.sparrow46@gmail.com,eva_sparrow46,Eva Sparrow,4,3,F,Account username already exist
felix.grove73@gmail.com,felix_grove73,Felix Grove,5,,M,Account username already exist
greta.nova25@mail.com,greta_nova25,Greta Nova,6,4,F,Account username already exist
harry.quartz58@gmail.com,harry_quartz58,Harry Quartz,,1,M,Account username already exist
ines.olive93@gmail.com,ines_olive93,Ines Olive,7,2,F,Account username already exist
jules.bright14@mail.com,jules_bright14,Jules Bright,8,,M,Account username already exist
keira.wren67@gmail.com,keira_wren67,Keira Wren,9,3,F,Account username already exist
lucas.drift39@gmail.com,lucas_drift39,Lucas Drift,,4,M,Account username already exist
email,username,fullname,department_id,position_id,gender,error_message
