email,username,fullname,department_id,position_id,gender
alina.vesper17@gmail.com,alina_vesper17,Alina Vesper,1,2,F
bruno.kite42@gmail.com,bruno_kite42,Bruno Kite,2,1,M
celia.north83@mail.com,celia_north83,Celia North,3,,F
dario.frost26@gmail.com,dario_frost26,Dario Frost,4,3,M
elena.rain59@mail.com,elena_rain59,Elena Rain,,2,F
finn.orbit71@gmail.com,finn_orbit71,Finn Orbit,5,4,M
gia.summit34@gmail.com,gia_summit34,Gia Summit,6,,F
hugo.maple88@mail.com,hugo_maple88,Hugo Maple,7,1,M
iris.cobalt15@gmail.com,iris_cobalt15,Iris Cobalt,,3,F
jonas.river63@mail.com,jonas_river63,Jonas River,8,2,M
kira.lumen47@gmail.com,kira_lumen47,Kira Lumen,9,4,F
leo.harbor92@gmail.com,leo_harbor92,Leo Harbor,10,,M
maya.echo38@mail.com,maya_echo38,Maya Echo,1,1,F
nolan.vista76@gmail.com,nolan_vista76,Nolan Vista,,2,M
ophelia.stone21@mail.com,ophelia_stone21,Ophelia Stone,2,3,F
paul.timber64@gmail.com,paul_timber64,Paul Timber,3,,M
quinn.azure57@gmail.com,quinn_azure57,Quinn Azure,4,4,F
rosa.meadow19@mail.com,rosa_meadow19,Rosa Meadow,,1,F
silas.pulse86@gmail.com,silas_pulse86,Silas Pulse,5,2,M
talia.dawn43@gmail.com,talia_dawn43,Talia Dawn,6,,F
uri.jasper28@mail.com,uri_jasper28,Uri Jasper,7,3,M
vera.flint74@gmail.com,vera_flint74,Vera Flint,,4,F
wesley.fable35@gmail.com,wesley_fable35,Wesley Fable,8,1,M
xena.mint61@mail.com,xena_mint61,Xena Mint,9,,F
yara.bloom97@gmail.com,yara_bloom97,Yara Bloom,10,2,F
zane.slate52@gmail.com,zane_slate52,Zane Slate,,3,M
amber.willow18@mail.com,amber_willow18,Amber Willow,1,4,F
boris.ember69@gmail.com,boris_ember69,Boris Ember,2,,M
clara.mosaic31@gmail.com,clara_mosaic31,Clara Mosaic,3,1,F
damon.crest84@mail.com,damon_crest84,Damon Crest,,2,M
eva.sparrow46@gmail.com,eva_sparrow46,Eva Sparrow,4,3,F
felix.grove73@gmail.com,felix_grove73,Felix Grove,5,,M
greta.nova25@mail.com,greta_nova25,Greta Nova,6,4,F
harry.quartz58@gmail.com,harry_quartz58,Harry Quartz,,1,M
ines.olive93@gmail.com,ines_olive93,Ines Olive,7,2,F
jules.bright14@mail.com,jules_bright14,Jules Bright,8,,M
keira.wren67@gmail.com,keira_wren67,Keira Wren,9,3,F
lucas.drift39@gmail.com,lucas_drift39,Lucas Drift,,4,M
monica.pearl82@mail.com,monica_pearl82,Monica Pearl,10,1,F
nico.fern27@gmail.com,nico_fern27,Nico Fern,1,,M
olive.sage56@gmail.com,olive_sage56,Olive Sage,2,2,F
peter.comet91@mail.com,peter_comet91,Peter Comet,,3,M
rina.cedar48@gmail.com,rina_cedar48,Rina Cedar,3,,F
sean.lark72@gmail.com,sean_lark72,Sean Lark,4,4,M
thea.moon36@mail.com,thea_moon36,Thea Moon,5,1,F
umar.tide65@gmail.com,umar_tide65,Umar Tide,,2,M
violet.ash23@gmail.com,violet_ash23,Violet Ash,6,,F
wyatt.solar79@mail.com,wyatt_solar79,Wyatt Solar,7,3,M
zara.pine45@gmail.com,zara_pine45,Zara Pine,,4,F
zoe.winter68@gmail.com,zoe_winter68,Zoe Winter,8,1,F